repo_id,repository,community,downloads,releases,assets,commits,open_issues,closed_issues,total_issues,open_prs,closed_prs,total_prs,readme_issues,readme_commits
0,kamranahmedse/developer-roadmap,102.0,0.0,2.0,0.0,1058.0,98.0,485.0,583.0,24.0,381.0,405.0,0.0,75.0
1,microsoft/vscode,1971.0,0.0,2.0,0.0,94139.0,5524.0,124269.0,129793.0,266.0,11127.0,11393.0,7.0,102.0
2,angular/angular,1743.0,0.0,2.0,0.0,24040.0,1516.0,22152.0,23668.0,84.0,20620.0,20704.0,3.0,75.0
3,microsoft/TypeScript,766.0,1832.0,30.0,30.0,33095.0,5177.0,27856.0,33033.0,279.0,13952.0,14231.0,10.0,66.0
4,ant-design/ant-design,1797.0,0.0,2.0,0.0,21658.0,761.0,22476.0,23237.0,47.0,10281.0,10328.0,2.0,258.0
5,puppeteer/puppeteer,429.0,0.0,2.0,0.0,2478.0,1802.0,3438.0,5240.0,9.0,2748.0,2757.0,2.0,203.0
6,storybookjs/storybook,1719.0,0.0,2.0,0.0,38758.0,1605.0,7166.0,8771.0,109.0,7909.0,8018.0,1.0,276.0
7,reduxjs/redux,930.0,0.0,2.0,0.0,3483.0,40.0,1899.0,1939.0,14.0,2247.0,2261.0,4.0,228.0
8,socketio/socket.io,207.0,0.0,2.0,0.0,1907.0,92.0,3080.0,3172.0,8.0,794.0,802.0,3.0,133.0
9,sveltejs/svelte,537.0,0.0,2.0,0.0,6658.0,568.0,3676.0,4244.0,129.0,2831.0,2960.0,3.0,83.0
10,cdr/code-server,186.0,108299.0,30.0,230.0,3219.0,0.0,0.0,0.0,0.0,0.0,0.0,0.0,0.0
11,apache/echarts,199.0,0.0,2.0,0.0,8544.0,1994.0,13287.0,15281.0,66.0,1267.0,1333.0,2.0,97.0
12,ionic-team/ionic-framework,489.0,0.0,2.0,0.0,11426.0,598.0,19162.0,19760.0,50.0,4862.0,4912.0,3.0,93.0
13,grafana/grafana,1902.0,0.0,2.0,0.0,33901.0,2031.0,21395.0,23426.0,296.0,21362.0,21658.0,15.0,215.0
14,remix-run/react-router,765.0,0.0,2.0,0.0,5232.0,60.0,6257.0,6317.0,6.0,2221.0,2227.0,2.0,64.0
15,nestjs/nest,355.0,0.0,2.0,0.0,10260.0,50.0,4002.0,4052.0,48.0,4939.0,4987.0,0.0,228.0
16,apache/superset,803.0,575153.0,30.0,21.0,11146.0,911.0,6916.0,7827.0,175.0,10126.0,10301.0,0.0,219.0
17,babel/babel,1110.0,0.0,2.0,0.0,15100.0,637.0,7422.0,8059.0,151.0,5636.0,5787.0,0.0,250.0
18,vercel/hyper,285.0,1269083.0,30.0,444.0,3045.0,746.0,2719.0,3465.0,16.0,2791.0,2807.0,1.0,89.0
19,facebook/jest,1446.0,0.0,2.0,0.0,6020.0,1432.0,5278.0,6710.0,160.0,5589.0,5749.0,4.0,150.0
20,DefinitelyTyped/DefinitelyTyped,17583.0,0.0,2.0,0.0,79703.0,552.0,7099.0,7651.0,215.0,50096.0,50311.0,1.0,549.0
21,styled-components/styled-components,343.0,0.0,2.0,0.0,3302.0,72.0,2439.0,2511.0,6.0,1145.0,1151.0,0.0,193.0
22,pixijs/pixijs,461.0,1515.0,30.0,312.0,5905.0,98.0,4644.0,4742.0,12.0,3043.0,3055.0,3.0,157.0
23,vitejs/vite,523.0,0.0,2.0,0.0,3717.0,688.0,2820.0,3508.0,193.0,2107.0,2300.0,6.0,111.0
24,vuetifyjs/vuetify,753.0,1675.0,30.0,30.0,11682.0,984.0,9589.0,10573.0,46.0,3743.0,3789.0,0.0,140.0
25,immutable-js/immutable-js,217.0,0.0,2.0,0.0,1689.0,92.0,1112.0,1204.0,20.0,666.0,686.0,12.0,145.0
26,ant-design/ant-design-pro,312.0,0.0,2.0,0.0,2368.0,143.0,8030.0,8173.0,1.0,1315.0,1316.0,7.0,82.0
27,nativefier/nativefier,136.0,0.0,2.0,0.0,1146.0,181.0,890.0,1071.0,9.0,283.0,292.0,9.0,114.0
28,formium/formik,429.0,0.0,2.0,0.0,1703.0,0.0,0.0,0.0,0.0,0.0,0.0,0.0,233.0
29,facebook/docusaurus,857.0,0.0,2.0,0.0,4704.0,148.0,1952.0,2100.0,37.0,4241.0,4278.0,1.0,72.0
30,laurent22/joplin,495.0,131267.0,30.0,210.0,7535.0,310.0,4073.0,4383.0,8.0,1815.0,1823.0,0.0,687.0
31,streamich/react-use,191.0,0.0,2.0,0.0,2910.0,257.0,210.0,467.0,201.0,1635.0,1836.0,0.0,236.0
32,typeorm/typeorm,853.0,0.0,2.0,0.0,4929.0,1444.0,5113.0,6557.0,23.0,2145.0,2168.0,5.0,196.0
33,vuejs/vue-next,321.0,0.0,2.0,0.0,4204.0,0.0,0.0,0.0,0.0,0.0,0.0,0.0,42.0
34,ReactiveX/rxjs,531.0,0.0,2.0,0.0,4982.0,201.0,2799.0,3000.0,35.0,3597.0,3632.0,6.0,119.0
35,postcss/postcss,403.0,0.0,2.0,0.0,3695.0,12.0,846.0,858.0,0.0,825.0,825.0,3.0,775.0
36,excalidraw/excalidraw,198.0,487.0,3.0,3.0,2518.0,493.0,1253.0,1746.0,115.0,2908.0,3023.0,0.0,53.0
37,angular/angular-cli,614.0,0.0,2.0,0.0,8974.0,232.0,13304.0,13536.0,23.0,8803.0,8826.0,8.0,167.0
38,niklasvh/html2canvas,55.0,17685477.0,30.0,83.0,1066.0,713.0,1619.0,2332.0,37.0,405.0,442.0,3.0,12.0
39,mobxjs/mobx,314.0,0.0,2.0,0.0,3109.0,13.0,1773.0,1786.0,7.0,1111.0,1118.0,1.0,279.0
40,cheeriojs/cheerio,146.0,0.0,2.0,0.0,1844.0,20.0,1035.0,1055.0,4.0,1321.0,1325.0,10.0,217.0
41,react-hook-form/react-hook-form,211.0,0.0,2.0,0.0,3135.0,0.0,3010.0,3010.0,16.0,1845.0,1861.0,41.0,266.0
42,tannerlinsley/react-query,404.0,0.0,2.0,0.0,1451.0,19.0,855.0,874.0,12.0,942.0,954.0,4.0,276.0
43,supabase/supabase,360.0,0.0,2.0,0.0,5257.0,201.0,859.0,1060.0,49.0,1598.0,1647.0,0.0,116.0
44,JedWatson/react-select,507.0,0.0,2.0,0.0,4052.0,154.0,3086.0,3240.0,57.0,1511.0,1568.0,6.0,213.0
45,akveo/ngx-admin,37.0,0.0,2.0,0.0,536.0,382.0,1301.0,1683.0,63.0,881.0,944.0,0.0,57.0
46,ianstormtaylor/slate,483.0,0.0,2.0,0.0,3797.0,466.0,2326.0,2792.0,10.0,1993.0,2003.0,2.0,217.0
47,chakra-ui/chakra-ui,541.0,0.0,2.0,0.0,7915.0,120.0,2313.0,2433.0,29.0,2256.0,2285.0,0.0,287.0
48,angular/components,648.0,0.0,2.0,0.0,9418.0,1688.0,11296.0,12984.0,252.0,11214.0,11466.0,13.0,91.0
49,doczjs/docz,136.0,0.0,2.0,0.0,1604.0,109.0,1122.0,1231.0,8.0,467.0,475.0,3.0,102.0
50,t4t5/sweetalert,72.0,0.0,2.0,0.0,361.0,148.0,543.0,691.0,28.0,250.0,278.0,0.0,40.0
51,balena-io/etcher,87.0,427933.0,30.0,502.0,2968.0,344.0,1519.0,1863.0,3.0,1841.0,1844.0,9.0,78.0
52,pmndrs/react-spring,157.0,0.0,2.0,0.0,3234.0,48.0,1007.0,1055.0,5.0,388.0,393.0,0.0,12.0
53,react-native-elements/react-native-elements,370.0,0.0,2.0,0.0,2229.0,58.0,1837.0,1895.0,8.0,1429.0,1437.0,10.0,105.0
54,reduxjs/react-redux,275.0,0.0,2.0,0.0,1053.0,17.0,1133.0,1150.0,5.0,676.0,681.0,2.0,100.0
55,vuejs/devtools,120.0,55829.0,30.0,18.0,1940.0,350.0,991.0,1341.0,32.0,336.0,368.0,1.0,58.0
56,kriasoft/react-starter-kit,1.0,0.0,2.0,0.0,3.0,5.0,1165.0,1170.0,2.0,779.0,781.0,0.0,3.0
57,Eugeny/tabby,89.0,245922.0,30.0,388.0,4806.0,811.0,2194.0,3005.0,20.0,2603.0,2623.0,0.0,133.0
58,NativeScript/NativeScript,279.0,0.0,2.0,0.0,6886.0,885.0,5513.0,6398.0,23.0,3229.0,3252.0,0.0,92.0
59,react-navigation/react-navigation,142.0,0.0,2.0,0.0,1756.0,454.0,8058.0,8512.0,38.0,1454.0,1492.0,2.0,41.0
60,conwnet/github1s,40.0,0.0,2.0,0.0,295.0,49.0,123.0,172.0,0.0,215.0,215.0,0.0,45.0
61,vercel/swr,138.0,0.0,2.0,0.0,593.0,56.0,514.0,570.0,14.0,608.0,622.0,5.0,49.0
62,railsware/upterm,77.0,40721.0,30.0,83.0,2998.0,219.0,533.0,752.0,1.0,565.0,566.0,1.0,78.0
63,n8n-io/n8n,223.0,0.0,2.0,0.0,5514.0,60.0,506.0,566.0,181.0,2208.0,2389.0,1.0,32.0
64,felixrieseberg/windows95,15.0,157691.0,12.0,102.0,172.0,114.0,95.0,209.0,12.0,35.0,47.0,1.0,43.0
65,homebridge/homebridge,121.0,0.0,2.0,0.0,1421.0,15.0,2687.0,2702.0,3.0,361.0,364.0,4.0,108.0
66,notable/notable,21.0,6412.0,19.0,300.0,458.0,615.0,883.0,1498.0,1.0,73.0,74.0,4.0,28.0
67,youzan/vant,246.0,0.0,2.0,0.0,8657.0,26.0,5994.0,6020.0,4.0,4181.0,4185.0,0.0,134.0
68,electron-react-boilerplate/electron-react-boilerplate,130.0,11148.0,30.0,262.0,1044.0,30.0,1570.0,1600.0,4.0,1477.0,1481.0,3.0,148.0
69,marmelab/react-admin,552.0,0.0,2.0,0.0,11320.0,86.0,3393.0,3479.0,27.0,3864.0,3891.0,4.0,132.0
70,reduxjs/reselect,103.0,0.0,2.0,0.0,705.0,14.0,347.0,361.0,5.0,193.0,198.0,3.0,198.0
71,palantir/blueprint,320.0,0.0,2.0,0.0,2215.0,635.0,2001.0,2636.0,31.0,2396.0,2427.0,1.0,66.0
72,graphql/graphql-js,202.0,0.0,2.0,0.0,3125.0,134.0,853.0,987.0,59.0,2386.0,2445.0,5.0,56.0
73,statelyai/xstate,298.0,0.0,2.0,0.0,4660.0,150.0,883.0,1033.0,101.0,1142.0,1243.0,0.0,102.0
74,neoclide/coc.nvim,210.0,53630.0,30.0,74.0,4548.0,17.0,2580.0,2597.0,2.0,927.0,929.0,4.0,71.0
75,prisma/prisma,165.0,0.0,2.0,0.0,7743.0,1868.0,3901.0,5769.0,36.0,3070.0,3106.0,0.0,126.0
76,wenyan-lang/wenyan,65.0,0.0,2.0,0.0,914.0,171.0,304.0,475.0,6.0,185.0,191.0,0.0,90.0
77,vadimdemedes/ink,93.0,0.0,2.0,0.0,504.0,57.0,212.0,269.0,12.0,214.0,226.0,2.0,195.0
78,recharts/recharts,243.0,0.0,2.0,0.0,1895.0,323.0,1995.0,2318.0,10.0,455.0,465.0,1.0,40.0
79,apollographql/apollo-client,746.0,0.0,2.0,0.0,10496.0,505.0,3673.0,4178.0,124.0,4760.0,4884.0,1.0,89.0
80,codex-team/editor.js,33.0,3921.0,26.0,19.0,623.0,335.0,716.0,1051.0,50.0,771.0,821.0,116.0,45.0
81,alibaba/ice,51.0,0.0,2.0,0.0,1730.0,148.0,2075.0,2223.0,12.0,2924.0,2936.0,2.0,41.0
82,reduxjs/redux-thunk,50.0,0.0,2.0,0.0,164.0,0.0,201.0,201.0,0.0,115.0,115.0,0.0,49.0
83,react-dnd/react-dnd,212.0,0.0,2.0,0.0,2206.0,283.0,1255.0,1538.0,4.0,1859.0,1863.0,2.0,79.0
84,elastic/kibana,902.0,0.0,2.0,0.0,50989.0,9146.0,34086.0,43232.0,669.0,83259.0,83928.0,0.0,114.0
85,GeekyAnts/NativeBase,298.0,0.0,2.0,0.0,5174.0,261.0,2764.0,3025.0,86.0,1587.0,1673.0,0.0,181.0
86,pubkey/rxdb,158.0,0.0,2.0,0.0,6775.0,2.0,528.0,530.0,5.0,3130.0,3135.0,2.0,190.0
87,slidevjs/slidev,73.0,0.0,2.0,0.0,1067.0,73.0,251.0,324.0,7.0,128.0,135.0,0.0,45.0
88,lensapp/lens,93.0,0.0,2.0,0.0,2261.0,675.0,1673.0,2348.0,39.0,2592.0,2631.0,4.0,28.0
89,refined-github/refined-github,292.0,35.0,30.0,1.0,2932.0,157.0,2696.0,2853.0,15.0,2550.0,2565.0,0.0,537.0
90,basarat/typescript-book,246.0,0.0,2.0,0.0,1612.0,111.0,142.0,253.0,33.0,373.0,406.0,2.0,59.0
91,pmndrs/react-three-fiber,156.0,0.0,2.0,0.0,1966.0,16.0,608.0,624.0,4.0,386.0,390.0,0.0,375.0
92,material-components/material-components-web,459.0,0.0,2.0,0.0,7008.0,345.0,2500.0,2845.0,77.0,4430.0,4507.0,7.0,198.0
93,eclipse-theia/theia,289.0,0.0,2.0,0.0,5743.0,1329.0,4350.0,5679.0,67.0,4555.0,4622.0,10.0,71.0
94,Redocly/redoc,181.0,0.0,2.0,0.0,2342.0,394.0,1057.0,1451.0,47.0,411.0,458.0,8.0,156.0
95,tensorflow/tfjs,337.0,0.0,2.0,0.0,5155.0,508.0,2808.0,3316.0,144.0,2725.0,2869.0,1.0,38.0
96,ionic-team/ionicons,47.0,0.0,2.0,0.0,531.0,442.0,451.0,893.0,32.0,123.0,155.0,0.0,37.0
97,BabylonJS/Babylon.js,562.0,0.0,2.0,0.0,36112.0,71.0,2472.0,2543.0,9.0,9532.0,9541.0,0.0,150.0
98,fingerprintjs/fingerprintjs,88.0,0.0,2.0,0.0,673.0,13.0,470.0,483.0,1.0,232.0,233.0,0.0,58.0
99,jquense/yup,143.0,0.0,2.0,0.0,656.0,293.0,938.0,1231.0,56.0,319.0,375.0,4.0,170.0
100,derek-pavao/ts-validator,3.0,1.0,1.0,1.0,85.0,1.0,4.0,5.0,0.0,0.0,0.0,1.0,10.0
101,japf/deezer-playlist-builder,3.0,0.0,2.0,0.0,4.0,0.0,0.0,0.0,0.0,1.0,1.0,0.0,1.0
102,Sensinum/angular-ts-elastic-crud,2.0,0.0,2.0,0.0,3.0,0.0,0.0,0.0,0.0,0.0,0.0,0.0,2.0
103,dwnusbaum/boyer-moore-demo,1.0,0.0,2.0,0.0,165.0,0.0,1.0,1.0,2.0,0.0,2.0,0.0,7.0
104,perryrh0dan/2fa,2.0,0.0,2.0,0.0,31.0,0.0,0.0,0.0,11.0,3.0,14.0,0.0,9.0
105,maroun-baydoun/evented,1.0,0.0,2.0,0.0,42.0,1.0,0.0,1.0,6.0,1.0,7.0,0.0,9.0
106,TWAICE/nestjs-kinesis-producer,2.0,0.0,2.0,0.0,5.0,0.0,0.0,0.0,0.0,0.0,0.0,0.0,2.0
107,seanchas116/tparse,1.0,0.0,2.0,0.0,25.0,0.0,0.0,0.0,0.0,0.0,0.0,0.0,4.0
108,chanon/typescript_module_example,1.0,0.0,2.0,0.0,7.0,1.0,0.0,1.0,0.0,0.0,0.0,0.0,3.0
109,domchen/tspack,3.0,0.0,2.0,0.0,66.0,0.0,1.0,1.0,0.0,0.0,0.0,0.0,12.0
110,FullstackTypeScript/redux-bootstrap-example,5.0,0.0,2.0,0.0,94.0,0.0,1.0,1.0,2.0,38.0,40.0,0.0,24.0
111,prismicio/angular2-starter,5.0,0.0,2.0,0.0,28.0,1.0,1.0,2.0,0.0,4.0,4.0,0.0,3.0
112,swyphcosmo/vscode-spellchecker,9.0,0.0,2.0,0.0,82.0,9.0,41.0,50.0,0.0,21.0,21.0,4.0,33.0
113,dojo/routing,21.0,0.0,2.0,0.0,179.0,0.0,37.0,37.0,0.0,103.0,103.0,5.0,32.0
114,mashhoodr/angular2-multicomponent-form,5.0,0.0,2.0,0.0,107.0,0.0,2.0,2.0,0.0,4.0,4.0,0.0,18.0
115,bigyak/wild-yak,3.0,0.0,2.0,0.0,115.0,0.0,0.0,0.0,0.0,0.0,0.0,0.0,10.0
116,yangsf5/moba,3.0,0.0,2.0,0.0,119.0,0.0,0.0,0.0,0.0,8.0,8.0,0.0,2.0
117,stonelu/easyegret,1.0,0.0,2.0,0.0,25.0,0.0,0.0,0.0,0.0,0.0,0.0,0.0,4.0
118,Urigo/angular2-meteor-accounts-ui,7.0,0.0,2.0,0.0,67.0,6.0,22.0,28.0,2.0,11.0,13.0,4.0,0.0
119,ojsheikh/unicode-latex,6.0,0.0,2.0,0.0,35.0,9.0,3.0,12.0,10.0,10.0,20.0,0.0,7.0
120,Hacklone/angular2-cool-infinite-grid,3.0,0.0,2.0,0.0,15.0,0.0,2.0,2.0,0.0,1.0,1.0,0.0,6.0
121,jupyter-attic/jupyter-js-plugins,11.0,0.0,2.0,0.0,531.0,2.0,23.0,25.0,0.0,151.0,151.0,0.0,17.0
122,atom-haskell-archive/autocomplete-haskell,1.0,0.0,2.0,0.0,176.0,2.0,19.0,21.0,0.0,1.0,1.0,0.0,16.0
123,aaronksaunders/firebaseStorage2,1.0,0.0,2.0,0.0,11.0,3.0,5.0,8.0,0.0,0.0,0.0,0.0,5.0
124,pellejacobs/redux-persist-node-storage,5.0,0.0,2.0,0.0,18.0,1.0,6.0,7.0,0.0,2.0,2.0,0.0,6.0
125,vkbansal/illuminate-js,5.0,0.0,2.0,0.0,280.0,1.0,8.0,9.0,0.0,31.0,31.0,0.0,17.0
126,deonclem/angular-webpack-typescript,2.0,0.0,2.0,0.0,46.0,0.0,1.0,1.0,0.0,0.0,0.0,0.0,20.0
127,knegusen/redux-test-utils,2.0,0.0,2.0,0.0,43.0,0.0,5.0,5.0,14.0,10.0,24.0,0.0,6.0
128,ZebraDevs/DataWedge-Ionic-Demo,3.0,0.0,2.0,0.0,58.0,1.0,19.0,20.0,5.0,23.0,28.0,0.0,13.0
129,NathanWalker/nativescript-coachmarks,4.0,0.0,2.0,0.0,20.0,5.0,4.0,9.0,1.0,2.0,3.0,0.0,4.0
130,grafana/kairosdb-datasource,33.0,0.0,2.0,0.0,110.0,15.0,36.0,51.0,4.0,39.0,43.0,0.0,10.0
131,valor-software/ngm-cli,6.0,0.0,2.0,0.0,120.0,8.0,6.0,14.0,16.0,15.0,31.0,0.0,4.0
132,Tyriar/vscode-terminal-tabs,5.0,0.0,2.0,0.0,40.0,0.0,29.0,29.0,0.0,3.0,3.0,3.0,15.0
133,ovh/ovh-warp10-datasource,26.0,0.0,2.0,0.0,146.0,10.0,24.0,34.0,1.0,56.0,57.0,2.0,22.0
134,colinjlacy/firebase-ionic-2-demo,2.0,0.0,2.0,0.0,7.0,1.0,2.0,3.0,0.0,1.0,1.0,0.0,5.0
135,OasisDigital/angular2-firebase,3.0,0.0,2.0,0.0,35.0,0.0,4.0,4.0,0.0,3.0,3.0,0.0,7.0
136,microsoft/node-gc-signals,2.0,0.0,2.0,0.0,15.0,0.0,1.0,1.0,0.0,2.0,2.0,0.0,1.0
137,thomas-crane/nrelay,15.0,0.0,2.0,0.0,585.0,5.0,23.0,28.0,8.0,26.0,34.0,2.0,40.0
138,oh-my-github/oh-my-github,3.0,0.0,2.0,0.0,139.0,6.0,15.0,21.0,0.0,1.0,1.0,2.0,26.0
139,reyesoft/ts-angular-jsonapi,2.0,0.0,2.0,0.0,240.0,0.0,4.0,4.0,0.0,22.0,22.0,0.0,33.0
140,foucdeg/airspaces,2.0,1146.0,1.0,3.0,39.0,11.0,5.0,16.0,12.0,6.0,18.0,0.0,5.0
141,coblee/litecoin-old,107.0,0.0,2.0,0.0,2012.0,12.0,7.0,19.0,0.0,23.0,23.0,0.0,15.0
142,eeandrew/NSCalculator,3.0,0.0,2.0,0.0,19.0,0.0,3.0,3.0,0.0,0.0,0.0,0.0,3.0
143,uniqys/UniqysKit-preview,3.0,0.0,2.0,0.0,9.0,0.0,2.0,2.0,0.0,1.0,1.0,0.0,5.0
144,rolftimmermans/zeromq-ng,3.0,182.0,21.0,158.0,402.0,0.0,0.0,0.0,0.0,6.0,6.0,0.0,64.0
145,mojofit/imojo,1.0,0.0,2.0,0.0,16.0,2.0,0.0,2.0,0.0,0.0,0.0,0.0,5.0
146,jadsalhani/ionic2-qrscanner-example,1.0,0.0,2.0,0.0,26.0,0.0,5.0,5.0,0.0,2.0,2.0,0.0,3.0
147,inversify/inversify-restify-utils,20.0,0.0,2.0,0.0,625.0,0.0,27.0,27.0,10.0,313.0,323.0,0.0,12.0
148,deamme/ts-transform-inferno,7.0,0.0,2.0,0.0,92.0,7.0,7.0,14.0,1.0,8.0,9.0,0.0,17.0
149,rundef/node-poker-odds-calculator,5.0,0.0,2.0,0.0,34.0,1.0,4.0,5.0,0.0,4.0,4.0,0.0,4.0
150,dbankier/vscode-instant-markdown,9.0,0.0,2.0,0.0,52.0,11.0,33.0,44.0,6.0,14.0,20.0,7.0,11.0
151,celsomarques/ionic-datepicker,9.0,0.0,2.0,0.0,173.0,9.0,12.0,21.0,0.0,3.0,3.0,0.0,49.0
152,typehtml/typehtml,2.0,0.0,2.0,0.0,175.0,2.0,1.0,3.0,0.0,1.0,1.0,0.0,10.0
153,evolify/react-mobx-ts-antd,3.0,0.0,2.0,0.0,7.0,2.0,4.0,6.0,16.0,8.0,24.0,0.0,3.0
154,tomwanzek/d3-v4-definitelytyped,4.0,0.0,2.0,0.0,308.0,0.0,107.0,107.0,0.0,29.0,29.0,23.0,81.0
155,Moventes/bruit.io,13.0,0.0,2.0,0.0,308.0,14.0,37.0,51.0,0.0,22.0,22.0,0.0,11.0
156,erxes/erxes-api,52.0,890.0,30.0,90.0,3732.0,20.0,224.0,244.0,11.0,622.0,633.0,0.0,33.0
157,blove/angular-reactive-authentication,2.0,0.0,2.0,0.0,4.0,0.0,1.0,1.0,0.0,0.0,0.0,0.0,2.0
158,Crazyht/ngx-tree-select,12.0,0.0,2.0,0.0,251.0,21.0,17.0,38.0,25.0,160.0,185.0,1.0,9.0
159,yeonjuan/TypeScript-Handbook-ko,12.0,0.0,2.0,0.0,181.0,16.0,49.0,65.0,1.0,158.0,159.0,29.0,54.0
160,CharlesStover/quicksort-js,4.0,0.0,2.0,0.0,23.0,0.0,1.0,1.0,0.0,9.0,9.0,0.0,2.0
161,cssho/vscode-svgviewer,7.0,147.0,14.0,14.0,87.0,21.0,20.0,41.0,1.0,25.0,26.0,3.0,22.0
162,wechat-miniprogram/minigame-api-typings,4.0,0.0,2.0,0.0,28.0,5.0,5.0,10.0,1.0,2.0,3.0,0.0,6.0
163,Tom910/frame-scheduling,4.0,0.0,2.0,0.0,60.0,0.0,0.0,0.0,11.0,12.0,23.0,0.0,5.0
164,brechtbilliet/winecellar,6.0,0.0,2.0,0.0,124.0,0.0,2.0,2.0,0.0,12.0,12.0,0.0,2.0
165,cliqz-oss/dat-webext,8.0,79.0,3.0,3.0,176.0,6.0,10.0,16.0,22.0,314.0,336.0,0.0,4.0
166,benboba/svg-slim,6.0,0.0,2.0,0.0,257.0,2.0,31.0,33.0,0.0,16.0,16.0,0.0,3.0
167,scon-io/graphql-typescript,2.0,0.0,2.0,0.0,35.0,0.0,8.0,8.0,0.0,2.0,2.0,0.0,12.0
168,zqingr/tfjs-yolov3,5.0,171.0,1.0,2.0,29.0,1.0,7.0,8.0,1.0,2.0,3.0,0.0,10.0
169,iulian-radu-at/react-select-material-ui,3.0,0.0,2.0,0.0,99.0,2.0,37.0,39.0,1.0,4.0,5.0,0.0,59.0
170,ORESoftware/npm-link-up,1.0,0.0,2.0,0.0,306.0,31.0,22.0,53.0,0.0,40.0,40.0,0.0,3.0
171,jjherscheid/ts-mocks,10.0,0.0,2.0,0.0,103.0,1.0,13.0,14.0,9.0,20.0,29.0,1.0,26.0
172,rakuten-frontend/rakuten-react-kit,17.0,0.0,2.0,0.0,195.0,0.0,9.0,9.0,0.0,39.0,39.0,0.0,32.0
173,oslabs-beta/reverb-vscode-extension,7.0,0.0,2.0,0.0,237.0,0.0,0.0,0.0,0.0,2.0,2.0,0.0,6.0
174,hawx1993/judge,3.0,0.0,2.0,0.0,89.0,0.0,0.0,0.0,0.0,0.0,0.0,0.0,59.0
175,Azure/ng-deploy-azure,16.0,0.0,2.0,0.0,108.0,25.0,19.0,44.0,7.0,52.0,59.0,1.0,27.0
176,gfx/universal-zopfli-js,3.0,0.0,2.0,0.0,126.0,4.0,1.0,5.0,0.0,16.0,16.0,0.0,24.0
177,superpowers-extra/discover-superpowers-game,2.0,0.0,2.0,0.0,8.0,3.0,2.0,5.0,0.0,0.0,0.0,0.0,5.0
178,lodeapp/lode,3.0,1863.0,26.0,137.0,490.0,1.0,2.0,3.0,0.0,76.0,76.0,0.0,8.0
179,realm/realm-graphql,8.0,0.0,2.0,0.0,50.0,10.0,30.0,40.0,12.0,20.0,32.0,0.0,15.0
180,matsko/animationsftw.in,4.0,0.0,2.0,0.0,31.0,2.0,0.0,2.0,9.0,8.0,17.0,0.0,2.0
181,tategakibunko/TypeNovel,3.0,0.0,2.0,0.0,400.0,0.0,1.0,1.0,0.0,3.0,3.0,0.0,15.0
182,locoslab/vue-typescript-component-example,2.0,0.0,2.0,0.0,19.0,0.0,5.0,5.0,0.0,61.0,61.0,0.0,7.0
183,microsoft/android-app-size-diff,5.0,0.0,2.0,0.0,68.0,2.0,1.0,3.0,1.0,26.0,27.0,0.0,11.0
184,rauschma/stringio,1.0,0.0,2.0,0.0,22.0,1.0,0.0,1.0,1.0,0.0,1.0,0.0,14.0
185,akserg/ng2-webpack-demo,1.0,0.0,2.0,0.0,26.0,6.0,5.0,11.0,1.0,1.0,2.0,0.0,9.0
186,Yangfan2016/douban-movie-web,3.0,0.0,2.0,0.0,57.0,1.0,0.0,1.0,27.0,23.0,50.0,0.0,15.0
187,sossejs/sosse,2.0,0.0,2.0,0.0,166.0,1.0,0.0,1.0,3.0,3.0,6.0,0.0,13.0
188,ludohenin/ng2-wp-blog,1.0,0.0,2.0,0.0,50.0,1.0,6.0,7.0,0.0,1.0,1.0,0.0,9.0
189,retaxJS/retax,2.0,0.0,2.0,0.0,43.0,0.0,2.0,2.0,35.0,28.0,63.0,0.0,6.0
190,Yoonit-Labs/nativescript-yoonit-camera,9.0,0.0,2.0,0.0,315.0,0.0,4.0,4.0,1.0,74.0,75.0,0.0,50.0
191,epilande/gatsby-theme-firebase,5.0,0.0,2.0,0.0,235.0,11.0,9.0,20.0,32.0,403.0,435.0,0.0,2.0
192,Mercateo/react-with-typescript,4.0,0.0,2.0,0.0,8.0,0.0,1.0,1.0,0.0,1.0,1.0,0.0,6.0
193,lytc/react-sortly,3.0,0.0,2.0,0.0,129.0,9.0,14.0,23.0,36.0,79.0,115.0,0.0,8.0
194,releasy/react-releasy,4.0,0.0,2.0,0.0,61.0,2.0,7.0,9.0,0.0,18.0,18.0,0.0,12.0
195,rwu823/sh-exec,1.0,0.0,2.0,0.0,26.0,0.0,1.0,1.0,0.0,0.0,0.0,0.0,6.0
196,leoafarias/neardb,8.0,0.0,2.0,0.0,219.0,0.0,6.0,6.0,5.0,25.0,30.0,0.0,52.0
197,auth0-blog/mean-rsvp-auth0,1.0,0.0,2.0,0.0,85.0,0.0,1.0,1.0,0.0,5.0,5.0,0.0,8.0
198,XiangPingJun/stream-me-board,6.0,0.0,2.0,0.0,224.0,0.0,1.0,1.0,11.0,2.0,13.0,0.0,21.0
199,,0.0,0.0,,,0.0,0.0,0.0,0.0,0.0,0.0,0.0,0.0,0.0
