fullname,C0,C1,C2,C3,C4,C5,C6,C7,C8,number_of_stars,num_of_watchers,num_of_forks,repo_id,repository,community,downloads,releases,assets,commits,open_issues,closed_issues,total_issues,open_prs,closed_prs,total_prs,readme_issues,readme_commits,Rank,Rank_real,star_rank,fork_rank,watchers_rank,pullrequest_rank,label
kamranahmedse/developer-roadmap,0,0,0,1,0,1,0,0,0,178298,178298,25570,0,kamranahmedse/developer-roadmap,102.0,0.0,2.0,0.0,1058.0,98.0,485.0,583.0,24.0,381.0,405.0,0.0,75.0,694.0,178.0,194.0,192.0,194.0,114.0,1
microsoft/vscode,0,1,0,1,0,1,1,1,0,124900,124900,20875,1,microsoft/vscode,1971.0,0.0,2.0,0.0,94139.0,5524.0,124269.0,129793.0,266.0,11127.0,11393.0,7.0,102.0,765.0,193.0,193.0,191.0,193.0,188.0,1
angular/angular,1,1,0,1,1,1,1,1,0,78043,78043,20482,2,angular/angular,1743.0,0.0,2.0,0.0,24040.0,1516.0,22152.0,23668.0,84.0,20620.0,20704.0,3.0,75.0,765.0,193.0,192.0,190.0,192.0,191.0,1
microsoft/TypeScript,0,1,0,1,1,1,1,1,0,76364,76364,10002,3,microsoft/TypeScript,766.0,1832.0,30.0,30.0,33095.0,5177.0,27856.0,33033.0,279.0,13952.0,14231.0,10.0,66.0,757.0,191.0,191.0,185.0,191.0,190.0,1
ant-design/ant-design,1,1,0,1,0,0,0,1,0,76031,76031,31470,4,ant-design/ant-design,1797.0,0.0,2.0,0.0,21658.0,761.0,22476.0,23237.0,47.0,10281.0,10328.0,2.0,258.0,761.0,192.0,190.0,194.0,190.0,187.0,1
puppeteer/puppeteer,1,1,0,1,0,1,1,1,0,74949,74949,7921,5,puppeteer/puppeteer,429.0,0.0,2.0,0.0,2478.0,1802.0,3438.0,5240.0,9.0,2748.0,2757.0,2.0,203.0,718.0,185.0,189.0,179.0,189.0,161.0,1
storybookjs/storybook,1,1,0,1,0,1,1,1,0,66979,66979,6843,6,storybookjs/storybook,1719.0,0.0,2.0,0.0,38758.0,1605.0,7166.0,8771.0,109.0,7909.0,8018.0,1.0,276.0,734.0,188.0,188.0,175.0,188.0,183.0,1
reduxjs/redux,1,1,0,1,1,1,1,0,0,57119,57119,14973,7,reduxjs/redux,930.0,0.0,2.0,0.0,3483.0,40.0,1899.0,1939.0,14.0,2247.0,2261.0,4.0,228.0,714.0,184.0,187.0,188.0,187.0,152.0,1
socketio/socket.io,1,1,0,1,0,1,1,0,0,54834,54834,9930,8,socketio/socket.io,207.0,0.0,2.0,0.0,1907.0,92.0,3080.0,3172.0,8.0,794.0,802.0,3.0,133.0,683.0,174.0,186.0,184.0,186.0,127.0,1
sveltejs/svelte,0,1,0,1,0,1,1,0,0,53386,53386,2562,9,sveltejs/svelte,537.0,0.0,2.0,0.0,6658.0,568.0,3676.0,4244.0,129.0,2831.0,2960.0,3.0,83.0,686.0,175.0,185.0,151.0,185.0,165.0,1
apache/echarts,1,1,0,1,0,1,1,1,0,48982,48982,18328,11,apache/echarts,199.0,0.0,2.0,0.0,8544.0,1994.0,13287.0,15281.0,66.0,1267.0,1333.0,2.0,97.0,695.0,180.0,184.0,189.0,184.0,138.0,1
ionic-team/ionic-framework,1,1,0,1,0,1,1,1,0,45692,45692,13462,12,ionic-team/ionic-framework,489.0,0.0,2.0,0.0,11426.0,598.0,19162.0,19760.0,50.0,4862.0,4912.0,3.0,93.0,732.0,187.0,183.0,187.0,183.0,179.0,1
grafana/grafana,0,0,0,1,0,1,1,1,0,45209,45209,9028,13,grafana/grafana,1902.0,0.0,2.0,0.0,33901.0,2031.0,21395.0,23426.0,296.0,21362.0,21658.0,15.0,215.0,738.0,190.0,182.0,182.0,182.0,192.0,1
remix-run/react-router,1,1,0,1,1,0,0,1,0,45157,45157,8722,14,remix-run/react-router,765.0,0.0,2.0,0.0,5232.0,60.0,6257.0,6317.0,6.0,2221.0,2227.0,2.0,64.0,694.0,178.0,181.0,181.0,181.0,151.0,1
nestjs/nest,1,1,0,1,0,1,1,1,0,42618,42618,4482,15,nestjs/nest,355.0,0.0,2.0,0.0,10260.0,50.0,4002.0,4052.0,48.0,4939.0,4987.0,0.0,228.0,708.0,182.0,180.0,168.0,180.0,180.0,1
apache/superset,0,1,0,1,0,0,1,1,0,42389,42389,8238,16,apache/superset,803.0,575153.0,30.0,21.0,11146.0,911.0,6916.0,7827.0,175.0,10126.0,10301.0,0.0,219.0,724.0,186.0,179.0,180.0,179.0,186.0,1
babel/babel,1,1,0,1,0,1,1,1,0,40045,40045,5121,17,babel/babel,1110.0,0.0,2.0,0.0,15100.0,637.0,7422.0,8059.0,151.0,5636.0,5787.0,0.0,250.0,709.0,183.0,178.0,171.0,178.0,182.0,1
vercel/hyper,1,0,0,1,1,0,1,0,0,37390,37390,3099,18,vercel/hyper,285.0,1269083.0,30.0,444.0,3045.0,746.0,2719.0,3465.0,16.0,2791.0,2807.0,1.0,89.0,673.0,172.0,177.0,157.0,177.0,162.0,1
facebook/jest,1,1,0,1,0,1,1,1,0,37268,37268,5488,19,facebook/jest,1446.0,0.0,2.0,0.0,6020.0,1432.0,5278.0,6710.0,160.0,5589.0,5749.0,4.0,150.0,705.0,181.0,176.0,172.0,176.0,181.0,1
DefinitelyTyped/DefinitelyTyped,0,1,0,1,0,1,1,1,0,36910,36910,26244,20,DefinitelyTyped/DefinitelyTyped,17583.0,0.0,2.0,0.0,79703.0,552.0,7099.0,7651.0,215.0,50096.0,50311.0,1.0,549.0,736.0,189.0,175.0,193.0,175.0,193.0,1
styled-components/styled-components,1,1,0,1,0,1,1,1,0,35385,35385,2188,21,styled-components/styled-components,343.0,0.0,2.0,0.0,3302.0,72.0,2439.0,2511.0,6.0,1145.0,1151.0,0.0,193.0,628.0,164.0,174.0,146.0,174.0,134.0,1
pixijs/pixijs,0,1,0,1,0,1,1,1,0,34889,34889,4433,22,pixijs/pixijs,461.0,1515.0,30.0,312.0,5905.0,98.0,4644.0,4742.0,12.0,3043.0,3055.0,3.0,157.0,679.0,173.0,173.0,166.0,173.0,167.0,1
vitejs/vite,0,1,0,0,0,1,0,0,0,34605,34605,2475,23,vitejs/vite,523.0,0.0,2.0,0.0,3717.0,688.0,2820.0,3508.0,193.0,2107.0,2300.0,6.0,111.0,647.0,166.0,172.0,149.0,172.0,154.0,1
vuetifyjs/vuetify,1,1,0,1,1,1,1,1,0,32980,32980,5976,24,vuetifyjs/vuetify,753.0,1675.0,30.0,30.0,11682.0,984.0,9589.0,10573.0,46.0,3743.0,3789.0,0.0,140.0,688.0,176.0,171.0,174.0,171.0,172.0,1
immutable-js/immutable-js,0,1,0,1,1,1,1,1,0,31631,31631,1851,25,immutable-js/immutable-js,217.0,0.0,2.0,0.0,1689.0,92.0,1112.0,1204.0,20.0,666.0,686.0,12.0,145.0,598.0,158.0,170.0,133.0,170.0,125.0,1
ant-design/ant-design-pro,1,1,0,1,0,0,1,1,0,30815,30815,7167,26,ant-design/ant-design-pro,312.0,0.0,2.0,0.0,2368.0,143.0,8030.0,8173.0,1.0,1315.0,1316.0,7.0,82.0,651.0,169.0,169.0,177.0,169.0,136.0,1
nativefier/nativefier,0,1,0,1,0,1,1,0,0,29181,29181,1862,27,nativefier/nativefier,136.0,0.0,2.0,0.0,1146.0,181.0,890.0,1071.0,9.0,283.0,292.0,9.0,114.0,576.0,151.0,168.0,134.0,168.0,106.0,1
formium/formik,0,1,0,1,0,1,1,0,0,28889,28889,2362,28,formium/formik,429.0,0.0,2.0,0.0,1703.0,0.0,0.0,0.0,0.0,0.0,0.0,0.0,233.0,483.0,114.0,167.0,148.0,167.0,1.0,1
facebook/docusaurus,1,1,0,1,0,1,1,1,0,28685,28685,3855,29,facebook/docusaurus,857.0,0.0,2.0,0.0,4704.0,148.0,1952.0,2100.0,37.0,4241.0,4278.0,1.0,72.0,668.0,171.0,166.0,161.0,166.0,175.0,1
laurent22/joplin,1,1,0,1,0,1,1,1,1,26707,26707,2938,30,laurent22/joplin,495.0,131267.0,30.0,210.0,7535.0,310.0,4073.0,4383.0,8.0,1815.0,1823.0,0.0,687.0,630.0,165.0,165.0,155.0,165.0,145.0,1
typeorm/typeorm,0,1,0,1,0,1,1,1,0,26427,26427,4744,32,typeorm/typeorm,853.0,0.0,2.0,0.0,4929.0,1444.0,5113.0,6557.0,23.0,2145.0,2168.0,5.0,196.0,648.0,167.0,164.0,170.0,164.0,150.0,1
vuejs/vue-next,1,0,0,1,1,0,0,0,0,26155,26155,4543,33,vuejs/vue-next,321.0,0.0,2.0,0.0,4204.0,0.0,0.0,0.0,0.0,0.0,0.0,0.0,42.0,496.0,121.0,163.0,169.0,163.0,1.0,1
ReactiveX/rxjs,0,1,0,1,1,1,1,1,0,26062,26062,2680,34,ReactiveX/rxjs,531.0,0.0,2.0,0.0,4982.0,201.0,2799.0,3000.0,35.0,3597.0,3632.0,6.0,119.0,648.0,167.0,162.0,153.0,162.0,171.0,1
postcss/postcss,1,1,0,1,0,0,1,0,0,25532,25532,1433,35,postcss/postcss,403.0,0.0,2.0,0.0,3695.0,12.0,846.0,858.0,0.0,825.0,825.0,3.0,775.0,574.0,150.0,161.0,123.0,161.0,129.0,1
excalidraw/excalidraw,1,1,0,1,0,0,1,1,0,25212,25212,1904,36,excalidraw/excalidraw,198.0,487.0,3.0,3.0,2518.0,493.0,1253.0,1746.0,115.0,2908.0,3023.0,0.0,53.0,621.0,163.0,160.0,135.0,160.0,166.0,1
angular/angular-cli,1,1,0,1,0,0,1,0,0,25071,25071,11900,37,angular/angular-cli,614.0,0.0,2.0,0.0,8974.0,232.0,13304.0,13536.0,23.0,8803.0,8826.0,8.0,167.0,688.0,176.0,159.0,186.0,159.0,184.0,1
niklasvh/html2canvas,1,1,0,1,0,0,1,1,0,24826,24826,4176,38,niklasvh/html2canvas,55.0,17685477.0,30.0,83.0,1066.0,713.0,1619.0,2332.0,37.0,405.0,442.0,3.0,12.0,597.0,157.0,158.0,164.0,158.0,117.0,1
cheeriojs/cheerio,1,1,0,1,1,1,1,0,0,24572,24572,1504,40,cheeriojs/cheerio,146.0,0.0,2.0,0.0,1844.0,20.0,1035.0,1055.0,4.0,1321.0,1325.0,10.0,217.0,573.0,148.0,156.0,124.0,156.0,137.0,1
mobxjs/mobx,0,1,0,1,0,1,1,0,0,24572,24572,1611,39,mobxjs/mobx,314.0,0.0,2.0,0.0,3109.0,13.0,1773.0,1786.0,7.0,1111.0,1118.0,1.0,279.0,572.0,147.0,156.0,127.0,156.0,133.0,1
react-hook-form/react-hook-form,1,1,0,1,0,1,1,0,0,24429,24429,1174,41,react-hook-form/react-hook-form,211.0,0.0,2.0,0.0,3135.0,0.0,3010.0,3010.0,16.0,1845.0,1861.0,41.0,266.0,573.0,148.0,155.0,116.0,155.0,147.0,1
tannerlinsley/react-query,1,1,0,0,0,1,1,0,0,24136,24136,1256,42,tannerlinsley/react-query,404.0,0.0,2.0,0.0,1451.0,19.0,855.0,874.0,12.0,942.0,954.0,4.0,276.0,559.0,139.0,154.0,119.0,154.0,132.0,1
supabase/supabase,1,1,0,1,0,0,1,0,0,24050,24050,1212,43,supabase/supabase,360.0,0.0,2.0,0.0,5257.0,201.0,859.0,1060.0,49.0,1598.0,1647.0,0.0,116.0,567.0,144.0,153.0,118.0,153.0,143.0,1
JedWatson/react-select,1,1,0,1,0,1,1,0,0,23761,23761,3816,44,JedWatson/react-select,507.0,0.0,2.0,0.0,4052.0,154.0,3086.0,3240.0,57.0,1511.0,1568.0,6.0,213.0,606.0,160.0,152.0,160.0,152.0,142.0,1
akveo/ngx-admin,1,1,0,1,0,1,1,0,0,23255,23255,7385,45,akveo/ngx-admin,37.0,0.0,2.0,0.0,536.0,382.0,1301.0,1683.0,63.0,881.0,944.0,0.0,57.0,611.0,161.0,151.0,178.0,151.0,131.0,1
ianstormtaylor/slate,0,1,0,1,0,0,1,1,0,23015,23015,2548,46,ianstormtaylor/slate,483.0,0.0,2.0,0.0,3797.0,466.0,2326.0,2792.0,10.0,1993.0,2003.0,2.0,217.0,599.0,159.0,150.0,150.0,150.0,149.0,1
chakra-ui/chakra-ui,1,1,0,1,0,1,1,1,0,22479,22479,1945,47,chakra-ui/chakra-ui,541.0,0.0,2.0,0.0,7915.0,120.0,2313.0,2433.0,29.0,2256.0,2285.0,0.0,287.0,590.0,154.0,149.0,139.0,149.0,153.0,1
angular/components,0,1,0,1,0,0,1,1,0,22334,22334,5931,48,angular/components,648.0,0.0,2.0,0.0,9418.0,1688.0,11296.0,12984.0,252.0,11214.0,11466.0,13.0,91.0,658.0,170.0,148.0,173.0,148.0,189.0,1
doczjs/docz,1,1,0,1,0,1,1,1,0,21987,21987,1398,49,doczjs/docz,136.0,0.0,2.0,0.0,1604.0,109.0,1122.0,1231.0,8.0,467.0,475.0,3.0,102.0,536.0,132.0,147.0,122.0,147.0,120.0,1
t4t5/sweetalert,1,1,0,1,1,1,1,1,0,21857,21857,2899,50,t4t5/sweetalert,72.0,0.0,2.0,0.0,361.0,148.0,543.0,691.0,28.0,250.0,278.0,0.0,40.0,551.0,135.0,146.0,154.0,146.0,105.0,1
balena-io/etcher,0,1,0,1,1,1,1,0,0,21852,21852,1539,51,balena-io/etcher,87.0,427933.0,30.0,502.0,2968.0,344.0,1519.0,1863.0,3.0,1841.0,1844.0,9.0,78.0,562.0,142.0,145.0,126.0,145.0,146.0,1
pmndrs/react-spring,1,1,0,1,1,1,1,1,0,21845,21845,944,52,pmndrs/react-spring,157.0,0.0,2.0,0.0,3234.0,48.0,1007.0,1055.0,5.0,388.0,393.0,0.0,12.0,512.0,127.0,144.0,111.0,144.0,113.0,1
react-native-elements/react-native-elements,1,1,0,1,0,1,1,1,0,21704,21704,4311,53,react-native-elements/react-native-elements,370.0,0.0,2.0,0.0,2229.0,58.0,1837.0,1895.0,8.0,1429.0,1437.0,10.0,105.0,590.0,154.0,143.0,165.0,143.0,139.0,1
reduxjs/react-redux,0,1,0,1,0,1,1,0,0,21574,21574,3141,54,reduxjs/react-redux,275.0,0.0,2.0,0.0,1053.0,17.0,1133.0,1150.0,5.0,676.0,681.0,2.0,100.0,566.0,143.0,142.0,158.0,142.0,124.0,1
vuejs/devtools,1,0,0,0,0,1,1,0,0,21357,21357,3542,55,vuejs/devtools,120.0,55829.0,30.0,18.0,1940.0,350.0,991.0,1341.0,32.0,336.0,368.0,1.0,58.0,551.0,135.0,141.0,159.0,141.0,110.0,1
kriasoft/react-starter-kit,1,1,0,1,0,1,1,1,0,21048,21048,4096,56,kriasoft/react-starter-kit,1.0,0.0,2.0,0.0,3.0,5.0,1165.0,1170.0,2.0,779.0,781.0,0.0,3.0,569.0,145.0,140.0,163.0,140.0,126.0,1
Eugeny/tabby,1,1,0,1,0,1,1,1,0,20839,20839,1042,57,Eugeny/tabby,89.0,245922.0,30.0,388.0,4806.0,811.0,2194.0,3005.0,20.0,2603.0,2623.0,0.0,133.0,551.0,135.0,139.0,114.0,139.0,159.0,1
NativeScript/NativeScript,1,1,0,1,0,1,1,1,0,20692,20692,1533,58,NativeScript/NativeScript,279.0,0.0,2.0,0.0,6886.0,885.0,5513.0,6398.0,23.0,3229.0,3252.0,0.0,92.0,571.0,146.0,138.0,125.0,138.0,170.0,1
react-navigation/react-navigation,0,0,0,1,0,0,0,1,0,20602,20602,4465,59,react-navigation/react-navigation,142.0,0.0,2.0,0.0,1756.0,454.0,8058.0,8512.0,38.0,1454.0,1492.0,2.0,41.0,582.0,152.0,137.0,167.0,137.0,141.0,1
conwnet/github1s,1,1,0,1,0,1,1,0,1,20433,20433,674,60,conwnet/github1s,40.0,0.0,2.0,0.0,295.0,49.0,123.0,172.0,0.0,215.0,215.0,0.0,45.0,476.0,111.0,136.0,102.0,136.0,102.0,1
vercel/swr,0,1,0,1,0,1,1,0,0,20142,20142,751,61,vercel/swr,138.0,0.0,2.0,0.0,593.0,56.0,514.0,570.0,14.0,608.0,622.0,5.0,49.0,497.0,122.0,135.0,105.0,135.0,122.0,1
railsware/upterm,1,1,0,1,0,1,1,1,1,19450,19450,655,62,railsware/upterm,77.0,40721.0,30.0,83.0,2998.0,219.0,533.0,752.0,1.0,565.0,566.0,1.0,78.0,489.0,116.0,134.0,100.0,134.0,121.0,1
n8n-io/n8n,1,1,0,1,1,1,1,0,0,19092,19092,1934,63,n8n-io/n8n,223.0,0.0,2.0,0.0,5514.0,60.0,506.0,566.0,181.0,2208.0,2389.0,1.0,32.0,559.0,139.0,133.0,138.0,133.0,155.0,1
felixrieseberg/windows95,1,1,0,1,0,1,1,0,0,19019,19019,1158,64,felixrieseberg/windows95,15.0,157691.0,12.0,102.0,172.0,114.0,95.0,209.0,12.0,35.0,47.0,1.0,43.0,462.0,108.0,132.0,115.0,132.0,83.0,1
homebridge/homebridge,0,1,0,1,0,1,1,0,0,18973,18973,1846,65,homebridge/homebridge,121.0,0.0,2.0,0.0,1421.0,15.0,2687.0,2702.0,3.0,361.0,364.0,4.0,108.0,503.0,123.0,131.0,132.0,131.0,109.0,1
notable/notable,0,1,0,1,0,1,1,1,0,18793,18793,942,66,notable/notable,21.0,6412.0,19.0,300.0,458.0,615.0,883.0,1498.0,1.0,73.0,74.0,4.0,28.0,459.0,107.0,130.0,110.0,130.0,89.0,1
youzan/vant,1,1,0,1,0,1,1,1,0,18783,18783,9119,67,youzan/vant,246.0,0.0,2.0,0.0,8657.0,26.0,5994.0,6020.0,4.0,4181.0,4185.0,0.0,134.0,615.0,162.0,129.0,183.0,129.0,174.0,1
electron-react-boilerplate/electron-react-boilerplate,1,1,0,1,0,1,1,0,0,18663,18663,3071,68,electron-react-boilerplate/electron-react-boilerplate,130.0,11148.0,30.0,262.0,1044.0,30.0,1570.0,1600.0,4.0,1477.0,1481.0,3.0,148.0,552.0,138.0,128.0,156.0,128.0,140.0,1
marmelab/react-admin,0,1,0,1,1,1,1,1,0,18423,18423,4045,69,marmelab/react-admin,552.0,0.0,2.0,0.0,11320.0,86.0,3393.0,3479.0,27.0,3864.0,3891.0,4.0,132.0,589.0,153.0,127.0,162.0,127.0,173.0,1
reduxjs/reselect,1,1,0,1,0,1,1,0,0,18364,18364,668,70,reduxjs/reselect,103.0,0.0,2.0,0.0,705.0,14.0,347.0,361.0,5.0,193.0,198.0,3.0,198.0,454.0,106.0,126.0,101.0,126.0,101.0,1
palantir/blueprint,1,1,0,1,1,1,1,1,0,18343,18343,1932,71,palantir/blueprint,320.0,0.0,2.0,0.0,2215.0,635.0,2001.0,2636.0,31.0,2396.0,2427.0,1.0,66.0,543.0,134.0,125.0,137.0,125.0,156.0,1
graphql/graphql-js,0,1,0,1,1,1,1,1,0,18208,18208,1904,72,graphql/graphql-js,202.0,0.0,2.0,0.0,3125.0,134.0,853.0,987.0,59.0,2386.0,2445.0,5.0,56.0,540.0,133.0,124.0,135.0,124.0,157.0,1
statelyai/xstate,1,1,0,1,0,0,1,0,0,18155,18155,831,73,statelyai/xstate,298.0,0.0,2.0,0.0,4660.0,150.0,883.0,1033.0,101.0,1142.0,1243.0,0.0,102.0,489.0,116.0,123.0,108.0,123.0,135.0,1
neoclide/coc.nvim,1,1,0,1,0,1,1,0,0,18137,18137,732,74,neoclide/coc.nvim,210.0,53630.0,30.0,74.0,4548.0,17.0,2580.0,2597.0,2.0,927.0,929.0,4.0,71.0,478.0,112.0,122.0,104.0,122.0,130.0,1
prisma/prisma,1,1,0,1,1,1,1,1,0,17887,17887,641,75,prisma/prisma,165.0,0.0,2.0,0.0,7743.0,1868.0,3901.0,5769.0,36.0,3070.0,3106.0,0.0,126.0,509.0,125.0,121.0,99.0,121.0,168.0,1
wenyan-lang/wenyan,1,0,0,1,0,1,1,1,0,17795,17795,1036,76,wenyan-lang/wenyan,65.0,0.0,2.0,0.0,914.0,171.0,304.0,475.0,6.0,185.0,191.0,0.0,90.0,453.0,105.0,120.0,113.0,120.0,100.0,1
vadimdemedes/ink,1,1,0,1,0,1,1,0,0,17391,17391,469,77,vadimdemedes/ink,93.0,0.0,2.0,0.0,504.0,57.0,212.0,269.0,12.0,214.0,226.0,2.0,195.0,436.0,102.0,118.0,97.0,118.0,103.0,1
recharts/recharts,1,1,0,1,0,1,1,1,0,17391,17391,1325,78,recharts/recharts,243.0,0.0,2.0,0.0,1895.0,323.0,1995.0,2318.0,10.0,455.0,465.0,1.0,40.0,475.0,110.0,118.0,120.0,118.0,119.0,1
apollographql/apollo-client,1,1,0,1,0,1,1,0,0,17019,17019,2243,79,apollographql/apollo-client,746.0,0.0,2.0,0.0,10496.0,505.0,3673.0,4178.0,124.0,4760.0,4884.0,1.0,89.0,559.0,139.0,117.0,147.0,117.0,178.0,1
codex-team/editor.js,1,1,0,1,1,1,1,0,1,16973,16973,1330,80,codex-team/editor.js,33.0,3921.0,26.0,19.0,623.0,335.0,716.0,1051.0,50.0,771.0,821.0,116.0,45.0,481.0,113.0,116.0,121.0,116.0,128.0,1
alibaba/ice,0,1,0,1,0,1,1,1,0,16932,16932,1995,81,alibaba/ice,51.0,0.0,2.0,0.0,1730.0,148.0,2075.0,2223.0,12.0,2924.0,2936.0,2.0,41.0,535.0,130.0,115.0,141.0,115.0,164.0,1
reduxjs/redux-thunk,0,1,0,1,0,1,1,0,0,16818,16818,994,82,reduxjs/redux-thunk,50.0,0.0,2.0,0.0,164.0,0.0,201.0,201.0,0.0,115.0,115.0,0.0,49.0,433.0,101.0,114.0,112.0,114.0,93.0,1
react-dnd/react-dnd,1,0,0,1,0,0,1,0,0,16803,16803,1742,83,react-dnd/react-dnd,212.0,0.0,2.0,0.0,2206.0,283.0,1255.0,1538.0,4.0,1859.0,1863.0,2.0,79.0,503.0,123.0,113.0,129.0,113.0,148.0,1
elastic/kibana,0,0,0,1,1,0,1,1,0,16783,16783,6967,84,elastic/kibana,902.0,0.0,2.0,0.0,50989.0,9146.0,34086.0,43232.0,669.0,83259.0,83928.0,0.0,114.0,594.0,156.0,112.0,176.0,112.0,194.0,1
GeekyAnts/NativeBase,1,1,0,1,1,1,1,1,0,16634,16634,2086,85,GeekyAnts/NativeBase,298.0,0.0,2.0,0.0,5174.0,261.0,2764.0,3025.0,86.0,1587.0,1673.0,0.0,181.0,510.0,126.0,111.0,144.0,111.0,144.0,1
pubkey/rxdb,1,1,0,1,0,1,1,1,0,16622,16622,781,86,pubkey/rxdb,158.0,0.0,2.0,0.0,6775.0,2.0,528.0,530.0,5.0,3130.0,3135.0,2.0,190.0,495.0,120.0,110.0,106.0,110.0,169.0,1
slidevjs/slidev,1,1,0,1,0,1,1,0,0,16571,16571,557,87,slidevjs/slidev,73.0,0.0,2.0,0.0,1067.0,73.0,251.0,324.0,7.0,128.0,135.0,0.0,45.0,411.0,98.0,109.0,98.0,109.0,95.0,0
lensapp/lens,0,0,0,1,0,0,1,1,0,16377,16377,819,88,lensapp/lens,93.0,0.0,2.0,0.0,2261.0,675.0,1673.0,2348.0,39.0,2592.0,2631.0,4.0,28.0,483.0,114.0,108.0,107.0,108.0,160.0,1
refined-github/refined-github,1,1,0,0,1,1,1,1,0,16358,16358,1200,89,refined-github/refined-github,292.0,35.0,30.0,1.0,2932.0,157.0,2696.0,2853.0,15.0,2550.0,2565.0,0.0,537.0,489.0,116.0,107.0,117.0,107.0,158.0,1
basarat/typescript-book,0,1,0,1,0,1,1,0,0,16197,16197,2040,90,basarat/typescript-book,246.0,0.0,2.0,0.0,1612.0,111.0,142.0,253.0,33.0,373.0,406.0,2.0,59.0,470.0,109.0,106.0,143.0,106.0,115.0,1
pmndrs/react-three-fiber,1,1,0,1,0,1,1,1,0,15937,15937,851,91,pmndrs/react-three-fiber,156.0,0.0,2.0,0.0,1966.0,16.0,608.0,624.0,4.0,386.0,390.0,0.0,375.0,431.0,99.0,105.0,109.0,105.0,112.0,0
material-components/material-components-web,1,1,0,1,0,0,0,0,0,15914,15914,2122,92,material-components/material-components-web,459.0,0.0,2.0,0.0,7008.0,345.0,2500.0,2845.0,77.0,4430.0,4507.0,7.0,198.0,529.0,129.0,104.0,145.0,104.0,176.0,1
eclipse-theia/theia,0,1,0,1,1,1,1,1,0,15879,15879,2012,93,eclipse-theia/theia,289.0,0.0,2.0,0.0,5743.0,1329.0,4350.0,5679.0,67.0,4555.0,4622.0,10.0,71.0,525.0,128.0,103.0,142.0,103.0,177.0,1
Redocly/redoc,1,1,0,1,1,1,1,1,0,15825,15825,1756,94,Redocly/redoc,181.0,0.0,2.0,0.0,2342.0,394.0,1057.0,1451.0,47.0,411.0,458.0,8.0,156.0,452.0,104.0,102.0,130.0,102.0,118.0,1
tensorflow/tfjs,0,1,0,1,0,1,1,0,0,15783,15783,1640,95,tensorflow/tfjs,337.0,0.0,2.0,0.0,5155.0,508.0,2808.0,3316.0,144.0,2725.0,2869.0,1.0,38.0,493.0,119.0,101.0,128.0,101.0,163.0,1
ionic-team/ionicons,1,1,0,1,0,1,1,1,0,15763,15763,1960,96,ionic-team/ionicons,47.0,0.0,2.0,0.0,531.0,442.0,451.0,893.0,32.0,123.0,155.0,0.0,37.0,437.0,103.0,100.0,140.0,100.0,97.0,1
BabylonJS/Babylon.js,0,1,0,1,1,0,1,1,0,15378,15378,2605,97,BabylonJS/Babylon.js,562.0,0.0,2.0,0.0,36112.0,71.0,2472.0,2543.0,9.0,9532.0,9541.0,0.0,150.0,535.0,130.0,99.0,152.0,99.0,185.0,1
fingerprintjs/fingerprintjs,0,1,0,1,1,0,1,1,0,15375,15375,1774,98,fingerprintjs/fingerprintjs,88.0,0.0,2.0,0.0,673.0,13.0,470.0,483.0,1.0,232.0,233.0,0.0,58.0,431.0,99.0,98.0,131.0,98.0,104.0,0
jquense/yup,1,1,0,1,0,0,1,0,0,15339,15339,680,99,jquense/yup,143.0,0.0,2.0,0.0,656.0,293.0,938.0,1231.0,56.0,319.0,375.0,4.0,170.0,408.0,97.0,97.0,103.0,97.0,111.0,0
XiangPingJun/stream-me-board,1,0,0,1,0,0,1,0,0,99,99,17,198,XiangPingJun/stream-me-board,6.0,0.0,2.0,0.0,224.0,0.0,1.0,1.0,11.0,2.0,13.0,0.0,21.0,314.0,90.0,96.0,68.0,96.0,54.0,0
auth0-blog/mean-rsvp-auth0,1,1,0,1,0,1,1,1,0,98,98,50,197,auth0-blog/mean-rsvp-auth0,1.0,0.0,2.0,0.0,85.0,0.0,1.0,1.0,0.0,5.0,5.0,0.0,8.0,329.0,93.0,95.0,94.0,95.0,45.0,0
leoafarias/neardb,1,1,0,1,0,1,1,1,0,97,97,8,196,leoafarias/neardb,8.0,0.0,2.0,0.0,219.0,0.0,6.0,6.0,5.0,25.0,30.0,0.0,52.0,305.0,89.0,94.0,43.0,94.0,74.0,0
rwu823/sh-exec,0,1,0,1,0,0,0,0,0,96,96,1,195,rwu823/sh-exec,1.0,0.0,2.0,0.0,26.0,0.0,1.0,1.0,0.0,0.0,0.0,0.0,6.0,194.0,43.0,93.0,7.0,93.0,1.0,0
releasy/react-releasy,0,0,0,1,0,1,1,0,0,95,95,7,194,releasy/react-releasy,4.0,0.0,2.0,0.0,61.0,2.0,7.0,9.0,0.0,18.0,18.0,0.0,12.0,281.0,78.0,92.0,38.0,92.0,59.0,0
lytc/react-sortly,0,1,0,1,0,0,1,0,0,94,94,14,193,lytc/react-sortly,3.0,0.0,2.0,0.0,129.0,9.0,14.0,23.0,36.0,79.0,115.0,0.0,8.0,338.0,95.0,91.0,63.0,91.0,93.0,0
Mercateo/react-with-typescript,1,1,0,1,0,0,0,0,0,93,93,7,192,Mercateo/react-with-typescript,4.0,0.0,2.0,0.0,8.0,0.0,1.0,1.0,0.0,1.0,1.0,0.0,6.0,236.0,65.0,90.0,38.0,90.0,18.0,0
epilande/gatsby-theme-firebase,1,1,0,1,0,1,1,0,0,92,92,14,191,epilande/gatsby-theme-firebase,5.0,0.0,2.0,0.0,235.0,11.0,9.0,20.0,32.0,403.0,435.0,0.0,2.0,357.0,96.0,89.0,63.0,89.0,116.0,0
Yoonit-Labs/nativescript-yoonit-camera,1,1,0,1,0,0,1,1,0,91,91,5,190,Yoonit-Labs/nativescript-yoonit-camera,9.0,0.0,2.0,0.0,315.0,0.0,4.0,4.0,1.0,74.0,75.0,0.0,50.0,292.0,83.0,88.0,26.0,88.0,90.0,0
retaxJS/retax,1,1,0,1,1,1,1,0,0,90,90,2,189,retaxJS/retax,2.0,0.0,2.0,0.0,43.0,0.0,2.0,2.0,35.0,28.0,63.0,0.0,6.0,278.0,76.0,87.0,16.0,87.0,88.0,0
ludohenin/ng2-wp-blog,0,0,0,1,0,1,0,0,0,89,89,33,188,ludohenin/ng2-wp-blog,1.0,0.0,2.0,0.0,50.0,1.0,6.0,7.0,0.0,1.0,1.0,0.0,9.0,281.0,78.0,86.0,91.0,86.0,18.0,0
sossejs/sosse,1,1,0,1,0,0,1,0,0,88,88,2,187,sossejs/sosse,2.0,0.0,2.0,0.0,166.0,1.0,0.0,1.0,3.0,3.0,6.0,0.0,13.0,233.0,63.0,85.0,16.0,85.0,47.0,0
Yangfan2016/douban-movie-web,1,1,0,1,1,1,0,0,0,87,87,23,186,Yangfan2016/douban-movie-web,3.0,0.0,2.0,0.0,57.0,1.0,0.0,1.0,27.0,23.0,50.0,0.0,15.0,329.0,93.0,84.0,77.0,84.0,84.0,0
akserg/ng2-webpack-demo,0,0,0,1,0,1,1,0,0,86,86,29,185,akserg/ng2-webpack-demo,1.0,0.0,2.0,0.0,26.0,6.0,5.0,11.0,1.0,1.0,2.0,0.0,9.0,281.0,78.0,83.0,87.0,83.0,28.0,0
rauschma/stringio,0,1,0,1,0,0,1,0,0,85,85,2,184,rauschma/stringio,1.0,0.0,2.0,0.0,22.0,1.0,0.0,1.0,1.0,0.0,1.0,0.0,14.0,198.0,45.0,82.0,16.0,82.0,18.0,0
microsoft/android-app-size-diff,0,1,0,1,0,1,1,1,0,84,84,19,183,microsoft/android-app-size-diff,5.0,0.0,2.0,0.0,68.0,2.0,1.0,3.0,1.0,26.0,27.0,0.0,11.0,304.0,88.0,81.0,72.0,81.0,70.0,0
locoslab/vue-typescript-component-example,1,1,0,1,0,1,0,1,0,83,83,9,182,locoslab/vue-typescript-component-example,2.0,0.0,2.0,0.0,19.0,0.0,5.0,5.0,0.0,61.0,61.0,0.0,7.0,294.0,84.0,80.0,47.0,80.0,87.0,0
tategakibunko/TypeNovel,1,1,0,1,0,0,1,0,0,82,82,3,181,tategakibunko/TypeNovel,3.0,0.0,2.0,0.0,400.0,0.0,1.0,1.0,0.0,3.0,3.0,0.0,15.0,212.0,53.0,79.0,19.0,79.0,35.0,0
matsko/animationsftw.in,0,1,0,1,0,0,0,0,0,81,81,26,180,matsko/animationsftw.in,4.0,0.0,2.0,0.0,31.0,2.0,0.0,2.0,9.0,8.0,17.0,0.0,2.0,298.0,85.0,78.0,84.0,78.0,58.0,0
realm/realm-graphql,1,1,0,1,0,0,1,0,0,80,80,10,179,realm/realm-graphql,8.0,0.0,2.0,0.0,50.0,10.0,30.0,40.0,12.0,20.0,32.0,0.0,15.0,279.0,77.0,77.0,48.0,77.0,77.0,0
lodeapp/lode,0,1,0,1,0,1,0,0,0,79,79,7,178,lodeapp/lode,3.0,1863.0,26.0,137.0,490.0,1.0,2.0,3.0,0.0,76.0,76.0,0.0,8.0,281.0,78.0,76.0,38.0,76.0,91.0,0
superpowers-extra/discover-superpowers-game,0,1,0,0,0,0,0,0,0,78,78,11,177,superpowers-extra/discover-superpowers-game,2.0,0.0,2.0,0.0,8.0,3.0,2.0,5.0,0.0,0.0,0.0,0.0,5.0,204.0,48.0,75.0,53.0,75.0,1.0,0
gfx/universal-zopfli-js,0,1,0,1,1,0,1,0,0,77,77,3,176,gfx/universal-zopfli-js,3.0,0.0,2.0,0.0,126.0,4.0,1.0,5.0,0.0,16.0,16.0,0.0,24.0,223.0,56.0,74.0,19.0,74.0,56.0,0
Azure/ng-deploy-azure,0,1,0,1,0,0,1,1,0,76,76,29,175,Azure/ng-deploy-azure,16.0,0.0,2.0,0.0,108.0,25.0,19.0,44.0,7.0,52.0,59.0,1.0,27.0,319.0,91.0,73.0,87.0,73.0,86.0,0
hawx1993/judge,0,1,0,1,0,0,1,0,0,75,75,24,174,hawx1993/judge,3.0,0.0,2.0,0.0,89.0,0.0,0.0,0.0,0.0,0.0,0.0,0.0,59.0,223.0,56.0,72.0,78.0,72.0,1.0,0
oslabs-beta/reverb-vscode-extension,0,1,0,1,0,0,0,0,0,74,74,6,173,oslabs-beta/reverb-vscode-extension,7.0,0.0,2.0,0.0,237.0,0.0,0.0,0.0,0.0,2.0,2.0,0.0,6.0,205.0,51.0,71.0,35.0,71.0,28.0,0
rakuten-frontend/rakuten-react-kit,0,0,0,1,1,1,1,0,0,73,73,25,172,rakuten-frontend/rakuten-react-kit,17.0,0.0,2.0,0.0,195.0,0.0,9.0,9.0,0.0,39.0,39.0,0.0,32.0,300.0,86.0,70.0,81.0,70.0,79.0,0
jjherscheid/ts-mocks,0,1,0,1,0,0,0,0,0,72,72,11,171,jjherscheid/ts-mocks,10.0,0.0,2.0,0.0,103.0,1.0,13.0,14.0,9.0,20.0,29.0,1.0,26.0,263.0,74.0,69.0,53.0,69.0,72.0,0
ORESoftware/npm-link-up,0,1,0,1,1,0,1,0,1,71,71,5,170,ORESoftware/npm-link-up,1.0,0.0,2.0,0.0,306.0,31.0,22.0,53.0,0.0,40.0,40.0,0.0,3.0,242.0,68.0,68.0,26.0,68.0,80.0,0
iulian-radu-at/react-select-material-ui,1,0,0,1,1,0,1,0,0,70,70,19,169,iulian-radu-at/react-select-material-ui,3.0,0.0,2.0,0.0,99.0,2.0,37.0,39.0,1.0,4.0,5.0,0.0,59.0,251.0,71.0,67.0,72.0,67.0,45.0,0
zqingr/tfjs-yolov3,1,0,0,1,1,0,0,0,0,69,69,12,168,zqingr/tfjs-yolov3,5.0,171.0,1.0,2.0,29.0,1.0,7.0,8.0,1.0,2.0,3.0,0.0,10.0,223.0,56.0,66.0,56.0,66.0,35.0,0
scon-io/graphql-typescript,1,0,0,1,0,0,0,0,0,68,68,1,167,scon-io/graphql-typescript,2.0,0.0,2.0,0.0,35.0,0.0,8.0,8.0,0.0,2.0,2.0,0.0,12.0,165.0,36.0,65.0,7.0,65.0,28.0,0
benboba/svg-slim,1,1,0,1,1,0,1,0,0,67,67,3,166,benboba/svg-slim,6.0,0.0,2.0,0.0,257.0,2.0,31.0,33.0,0.0,16.0,16.0,0.0,3.0,203.0,47.0,64.0,19.0,64.0,56.0,0
cliqz-oss/dat-webext,0,1,0,1,0,1,0,0,0,66,66,5,165,cliqz-oss/dat-webext,8.0,79.0,3.0,3.0,176.0,6.0,10.0,16.0,22.0,314.0,336.0,0.0,4.0,260.0,73.0,63.0,26.0,63.0,108.0,0
brechtbilliet/winecellar,1,1,0,1,0,0,1,0,0,65,65,17,164,brechtbilliet/winecellar,6.0,0.0,2.0,0.0,124.0,0.0,2.0,2.0,0.0,12.0,12.0,0.0,2.0,245.0,70.0,62.0,68.0,62.0,53.0,0
Tom910/frame-scheduling,0,1,0,1,0,0,1,0,0,64,64,4,163,Tom910/frame-scheduling,4.0,0.0,2.0,0.0,60.0,0.0,0.0,0.0,11.0,12.0,23.0,0.0,5.0,211.0,52.0,61.0,23.0,61.0,66.0,0
wechat-miniprogram/minigame-api-typings,1,0,0,0,0,0,0,0,0,63,63,13,162,wechat-miniprogram/minigame-api-typings,4.0,0.0,2.0,0.0,28.0,5.0,5.0,10.0,1.0,2.0,3.0,0.0,6.0,214.0,55.0,60.0,59.0,60.0,35.0,0
cssho/vscode-svgviewer,1,1,0,1,0,0,0,0,0,62,62,19,161,cssho/vscode-svgviewer,7.0,147.0,14.0,14.0,87.0,21.0,20.0,41.0,1.0,25.0,26.0,3.0,22.0,259.0,72.0,59.0,72.0,59.0,69.0,0
CharlesStover/quicksort-js,0,0,0,1,0,0,1,0,0,61,61,12,160,CharlesStover/quicksort-js,4.0,0.0,2.0,0.0,23.0,0.0,1.0,1.0,0.0,9.0,9.0,0.0,2.0,223.0,56.0,58.0,56.0,58.0,51.0,0
yeonjuan/TypeScript-Handbook-ko,1,1,0,1,0,1,1,0,0,60,60,18,159,yeonjuan/TypeScript-Handbook-ko,12.0,0.0,2.0,0.0,181.0,16.0,49.0,65.0,1.0,158.0,159.0,29.0,54.0,283.0,82.0,57.0,71.0,57.0,98.0,0
Crazyht/ngx-tree-select,1,1,0,1,0,1,1,0,0,59,59,44,158,Crazyht/ngx-tree-select,12.0,0.0,2.0,0.0,251.0,21.0,17.0,38.0,25.0,160.0,185.0,1.0,9.0,303.0,87.0,56.0,92.0,56.0,99.0,0
blove/angular-reactive-authentication,0,0,0,1,1,0,1,0,0,58,58,48,157,blove/angular-reactive-authentication,2.0,0.0,2.0,0.0,4.0,0.0,1.0,1.0,0.0,0.0,0.0,0.0,2.0,204.0,48.0,55.0,93.0,55.0,1.0,0
erxes/erxes-api,1,1,0,1,0,1,1,1,0,57,57,61,156,erxes/erxes-api,52.0,890.0,30.0,90.0,3732.0,20.0,224.0,244.0,11.0,622.0,633.0,0.0,33.0,327.0,92.0,54.0,96.0,54.0,123.0,0
Moventes/bruit.io,0,1,0,1,0,0,1,1,0,56,56,4,155,Moventes/bruit.io,13.0,0.0,2.0,0.0,308.0,14.0,37.0,51.0,0.0,22.0,22.0,0.0,11.0,193.0,41.0,53.0,23.0,53.0,64.0,0
tomwanzek/d3-v4-definitelytyped,0,1,0,1,1,1,1,1,0,55,55,16,154,tomwanzek/d3-v4-definitelytyped,4.0,0.0,2.0,0.0,308.0,0.0,107.0,107.0,0.0,29.0,29.0,23.0,81.0,243.0,69.0,52.0,67.0,52.0,72.0,0
evolify/react-mobx-ts-antd,1,0,0,1,0,0,0,0,1,54,54,13,153,evolify/react-mobx-ts-antd,3.0,0.0,2.0,0.0,7.0,2.0,4.0,6.0,16.0,8.0,24.0,0.0,3.0,228.0,61.0,51.0,59.0,51.0,67.0,0
typehtml/typehtml,0,1,0,1,0,0,0,0,0,53,53,1,152,typehtml/typehtml,2.0,0.0,2.0,0.0,175.0,2.0,1.0,3.0,0.0,1.0,1.0,0.0,10.0,125.0,20.0,50.0,7.0,50.0,18.0,0
celsomarques/ionic-datepicker,0,0,0,1,0,0,1,0,0,52,52,30,151,celsomarques/ionic-datepicker,9.0,0.0,2.0,0.0,173.0,9.0,12.0,21.0,0.0,3.0,3.0,0.0,49.0,223.0,56.0,49.0,90.0,49.0,35.0,0
dbankier/vscode-instant-markdown,0,1,0,1,0,1,0,0,0,51,51,25,150,dbankier/vscode-instant-markdown,9.0,0.0,2.0,0.0,52.0,11.0,33.0,44.0,6.0,14.0,20.0,7.0,11.0,238.0,67.0,48.0,81.0,48.0,61.0,0
rundef/node-poker-odds-calculator,0,1,0,1,0,1,0,0,0,50,50,21,149,rundef/node-poker-odds-calculator,5.0,0.0,2.0,0.0,34.0,1.0,4.0,5.0,0.0,4.0,4.0,0.0,4.0,212.0,53.0,47.0,76.0,47.0,42.0,0
deamme/ts-transform-inferno,0,1,0,1,0,1,1,0,0,49,49,4,148,deamme/ts-transform-inferno,7.0,0.0,2.0,0.0,92.0,7.0,7.0,14.0,1.0,8.0,9.0,0.0,17.0,166.0,38.0,46.0,23.0,46.0,51.0,0
inversify/inversify-restify-utils,1,1,0,1,0,0,1,0,0,48,48,24,147,inversify/inversify-restify-utils,20.0,0.0,2.0,0.0,625.0,0.0,27.0,27.0,10.0,313.0,323.0,0.0,12.0,275.0,75.0,45.0,78.0,45.0,107.0,0
jadsalhani/ionic2-qrscanner-example,0,1,0,1,0,0,0,0,0,47,47,26,146,jadsalhani/ionic2-qrscanner-example,1.0,0.0,2.0,0.0,26.0,0.0,5.0,5.0,0.0,2.0,2.0,0.0,3.0,200.0,46.0,44.0,84.0,44.0,28.0,0
mojofit/imojo,1,0,0,1,0,1,0,1,0,46,46,24,145,mojofit/imojo,1.0,0.0,2.0,0.0,16.0,2.0,0.0,2.0,0.0,0.0,0.0,0.0,5.0,165.0,36.0,43.0,78.0,43.0,1.0,0
rolftimmermans/zeromq-ng,0,1,0,0,0,0,0,0,0,45,45,5,144,rolftimmermans/zeromq-ng,3.0,182.0,21.0,158.0,402.0,0.0,0.0,0.0,0.0,6.0,6.0,0.0,64.0,157.0,35.0,42.0,26.0,42.0,47.0,0
uniqys/UniqysKit-preview,1,1,0,1,1,0,1,0,0,44,44,8,143,uniqys/UniqysKit-preview,3.0,0.0,2.0,0.0,9.0,0.0,2.0,2.0,0.0,1.0,1.0,0.0,5.0,143.0,29.0,41.0,43.0,41.0,18.0,0
eeandrew/NSCalculator,1,0,0,0,0,0,0,0,0,43,43,14,142,eeandrew/NSCalculator,3.0,0.0,2.0,0.0,19.0,0.0,3.0,3.0,0.0,0.0,0.0,0.0,3.0,144.0,30.0,40.0,63.0,40.0,1.0,0
foucdeg/airspaces,0,1,0,1,0,0,1,1,0,41,41,0,140,foucdeg/airspaces,2.0,1146.0,1.0,3.0,39.0,11.0,5.0,16.0,12.0,6.0,18.0,0.0,5.0,138.0,27.0,39.0,1.0,39.0,59.0,0
reyesoft/ts-angular-jsonapi,1,1,0,1,0,0,1,0,0,40,40,5,139,reyesoft/ts-angular-jsonapi,2.0,0.0,2.0,0.0,240.0,0.0,4.0,4.0,0.0,22.0,22.0,0.0,33.0,166.0,38.0,38.0,26.0,38.0,64.0,0
oh-my-github/oh-my-github,1,1,0,1,1,0,1,0,0,39,39,0,138,oh-my-github/oh-my-github,3.0,0.0,2.0,0.0,139.0,6.0,15.0,21.0,0.0,1.0,1.0,2.0,26.0,93.0,14.0,37.0,1.0,37.0,18.0,0
thomas-crane/nrelay,1,1,0,1,1,1,1,0,0,38,38,25,137,thomas-crane/nrelay,15.0,0.0,2.0,0.0,585.0,5.0,23.0,28.0,8.0,26.0,34.0,2.0,40.0,231.0,62.0,36.0,81.0,36.0,78.0,0
microsoft/node-gc-signals,0,0,0,1,0,0,0,0,0,37,37,10,136,microsoft/node-gc-signals,2.0,0.0,2.0,0.0,15.0,0.0,1.0,1.0,0.0,2.0,2.0,0.0,1.0,146.0,33.0,35.0,48.0,35.0,28.0,0
OasisDigital/angular2-firebase,0,1,0,0,0,0,1,0,0,36,36,7,135,OasisDigital/angular2-firebase,3.0,0.0,2.0,0.0,35.0,0.0,4.0,4.0,0.0,3.0,3.0,0.0,7.0,141.0,28.0,34.0,38.0,34.0,35.0,0
colinjlacy/firebase-ionic-2-demo,1,1,0,1,0,0,1,0,0,35,35,10,134,colinjlacy/firebase-ionic-2-demo,2.0,0.0,2.0,0.0,7.0,1.0,2.0,3.0,0.0,1.0,1.0,0.0,5.0,132.0,23.0,33.0,48.0,33.0,18.0,0
ovh/ovh-warp10-datasource,0,0,0,1,0,0,1,1,0,34,34,29,133,ovh/ovh-warp10-datasource,26.0,0.0,2.0,0.0,146.0,10.0,24.0,34.0,1.0,56.0,57.0,2.0,22.0,236.0,65.0,32.0,87.0,32.0,85.0,0
Tyriar/vscode-terminal-tabs,0,0,0,1,0,0,0,0,0,33,33,10,132,Tyriar/vscode-terminal-tabs,5.0,0.0,2.0,0.0,40.0,0.0,29.0,29.0,0.0,3.0,3.0,3.0,15.0,145.0,31.0,31.0,48.0,31.0,35.0,0
valor-software/ngm-cli,0,1,0,1,0,0,0,0,0,32,32,12,131,valor-software/ngm-cli,6.0,0.0,2.0,0.0,120.0,8.0,6.0,14.0,16.0,15.0,31.0,0.0,4.0,191.0,40.0,30.0,56.0,30.0,75.0,0
grafana/kairosdb-datasource,0,0,0,1,0,1,0,0,0,31,31,60,130,grafana/kairosdb-datasource,33.0,0.0,2.0,0.0,110.0,15.0,36.0,51.0,4.0,39.0,43.0,0.0,10.0,235.0,64.0,29.0,95.0,29.0,82.0,0
NathanWalker/nativescript-coachmarks,1,1,0,1,0,1,1,0,1,30,30,8,129,NathanWalker/nativescript-coachmarks,4.0,0.0,2.0,0.0,20.0,5.0,4.0,9.0,1.0,2.0,3.0,0.0,4.0,134.0,24.0,28.0,43.0,28.0,35.0,0
ZebraDevs/DataWedge-Ionic-Demo,1,1,0,1,0,1,1,0,0,29,29,17,128,ZebraDevs/DataWedge-Ionic-Demo,3.0,0.0,2.0,0.0,58.0,1.0,19.0,20.0,5.0,23.0,28.0,0.0,13.0,193.0,41.0,27.0,68.0,27.0,71.0,0
knegusen/redux-test-utils,1,0,0,1,0,0,0,0,0,28,28,5,127,knegusen/redux-test-utils,2.0,0.0,2.0,0.0,43.0,0.0,5.0,5.0,14.0,10.0,24.0,0.0,6.0,145.0,31.0,26.0,26.0,26.0,67.0,0
deonclem/angular-webpack-typescript,0,1,0,1,1,0,0,0,0,27,27,14,126,deonclem/angular-webpack-typescript,2.0,0.0,2.0,0.0,46.0,0.0,1.0,1.0,0.0,0.0,0.0,0.0,20.0,114.0,18.0,25.0,63.0,25.0,1.0,0
vkbansal/illuminate-js,1,0,0,1,0,0,1,0,0,26,26,1,125,vkbansal/illuminate-js,5.0,0.0,2.0,0.0,280.0,1.0,8.0,9.0,0.0,31.0,31.0,0.0,17.0,130.0,22.0,24.0,7.0,24.0,75.0,0
pellejacobs/redux-persist-node-storage,0,1,0,1,0,0,0,0,0,25,25,6,124,pellejacobs/redux-persist-node-storage,5.0,0.0,2.0,0.0,18.0,1.0,6.0,7.0,0.0,2.0,2.0,0.0,6.0,109.0,17.0,23.0,35.0,23.0,28.0,0
aaronksaunders/firebaseStorage2,1,0,0,1,1,0,1,0,0,24,24,19,123,aaronksaunders/firebaseStorage2,1.0,0.0,2.0,0.0,11.0,3.0,5.0,8.0,0.0,0.0,0.0,0.0,5.0,117.0,19.0,22.0,72.0,22.0,1.0,0
atom-haskell-archive/autocomplete-haskell,1,0,0,1,0,1,0,0,0,23,23,1,122,atom-haskell-archive/autocomplete-haskell,1.0,0.0,2.0,0.0,176.0,2.0,19.0,21.0,0.0,1.0,1.0,0.0,16.0,67.0,11.0,21.0,7.0,21.0,18.0,0
jupyter-attic/jupyter-js-plugins,0,1,0,1,0,0,0,0,0,22,22,13,121,jupyter-attic/jupyter-js-plugins,11.0,0.0,2.0,0.0,531.0,2.0,23.0,25.0,0.0,151.0,151.0,0.0,17.0,195.0,44.0,20.0,59.0,20.0,96.0,0
Hacklone/angular2-cool-infinite-grid,1,0,0,1,1,1,0,0,0,21,21,5,120,Hacklone/angular2-cool-infinite-grid,3.0,0.0,2.0,0.0,15.0,0.0,2.0,2.0,0.0,1.0,1.0,0.0,6.0,82.0,13.0,19.0,26.0,19.0,18.0,0
ojsheikh/unicode-latex,0,1,0,1,0,0,0,0,0,20,20,13,119,ojsheikh/unicode-latex,6.0,0.0,2.0,0.0,35.0,9.0,3.0,12.0,10.0,10.0,20.0,0.0,7.0,156.0,34.0,18.0,59.0,18.0,61.0,0
stonelu/easyegret,1,1,0,0,1,0,0,0,1,18,18,8,117,stonelu/easyegret,1.0,0.0,2.0,0.0,25.0,0.0,0.0,0.0,0.0,0.0,0.0,0.0,4.0,78.0,12.0,17.0,43.0,17.0,1.0,0
yangsf5/moba,0,1,0,0,0,0,1,0,0,17,17,11,116,yangsf5/moba,3.0,0.0,2.0,0.0,119.0,0.0,0.0,0.0,0.0,8.0,8.0,0.0,2.0,135.0,25.0,16.0,53.0,16.0,50.0,0
bigyak/wild-yak,0,0,0,1,0,0,0,0,0,16,16,5,115,bigyak/wild-yak,3.0,0.0,2.0,0.0,115.0,0.0,0.0,0.0,0.0,0.0,0.0,0.0,10.0,57.0,8.0,15.0,26.0,15.0,1.0,0
mashhoodr/angular2-multicomponent-form,1,0,0,1,1,0,1,0,0,15,15,7,114,mashhoodr/angular2-multicomponent-form,5.0,0.0,2.0,0.0,107.0,0.0,2.0,2.0,0.0,4.0,4.0,0.0,18.0,108.0,16.0,14.0,38.0,14.0,42.0,0
dojo/routing,1,1,0,1,1,1,1,1,0,14,14,27,113,dojo/routing,21.0,0.0,2.0,0.0,179.0,0.0,37.0,37.0,0.0,103.0,103.0,5.0,32.0,204.0,48.0,13.0,86.0,13.0,92.0,0
swyphcosmo/vscode-spellchecker,1,1,0,1,1,1,0,0,0,13,13,10,112,swyphcosmo/vscode-spellchecker,9.0,0.0,2.0,0.0,82.0,9.0,41.0,50.0,0.0,21.0,21.0,4.0,33.0,135.0,25.0,12.0,48.0,12.0,63.0,0
prismicio/angular2-starter,0,0,0,1,0,1,1,0,0,12,12,6,111,prismicio/angular2-starter,5.0,0.0,2.0,0.0,28.0,1.0,1.0,2.0,0.0,4.0,4.0,0.0,3.0,99.0,15.0,11.0,35.0,11.0,42.0,0
FullstackTypeScript/redux-bootstrap-example,0,1,0,1,0,0,1,0,0,11,11,5,110,FullstackTypeScript/redux-bootstrap-example,5.0,0.0,2.0,0.0,94.0,0.0,1.0,1.0,2.0,38.0,40.0,0.0,24.0,126.0,21.0,10.0,26.0,10.0,80.0,0
domchen/tspack,0,1,0,1,0,0,0,0,0,10,10,0,109,domchen/tspack,3.0,0.0,2.0,0.0,66.0,0.0,1.0,1.0,0.0,0.0,0.0,0.0,12.0,20.0,3.0,9.0,1.0,9.0,1.0,0
chanon/typescript_module_example,0,1,0,1,0,0,0,0,0,9,9,1,108,chanon/typescript_module_example,1.0,0.0,2.0,0.0,7.0,1.0,0.0,1.0,0.0,0.0,0.0,0.0,3.0,24.0,5.0,8.0,7.0,8.0,1.0,0
seanchas116/tparse,1,1,0,1,1,0,0,0,0,8,8,0,107,seanchas116/tparse,1.0,0.0,2.0,0.0,25.0,0.0,0.0,0.0,0.0,0.0,0.0,0.0,4.0,16.0,2.0,7.0,1.0,7.0,1.0,0
TWAICE/nestjs-kinesis-producer,0,1,0,1,0,0,0,0,0,7,7,1,106,TWAICE/nestjs-kinesis-producer,2.0,0.0,2.0,0.0,5.0,0.0,0.0,0.0,0.0,0.0,0.0,0.0,2.0,20.0,3.0,6.0,7.0,6.0,1.0,0
maroun-baydoun/evented,1,0,0,1,0,1,1,0,0,6,6,0,105,maroun-baydoun/evented,1.0,0.0,2.0,0.0,42.0,1.0,0.0,1.0,6.0,1.0,7.0,0.0,9.0,60.0,9.0,5.0,1.0,5.0,49.0,0
perryrh0dan/2fa,1,1,0,1,0,1,1,0,0,5,5,0,104,perryrh0dan/2fa,2.0,0.0,2.0,0.0,31.0,0.0,0.0,0.0,11.0,3.0,14.0,0.0,9.0,64.0,10.0,4.0,1.0,4.0,55.0,0
dwnusbaum/boyer-moore-demo,0,0,0,0,0,0,1,0,0,4,4,3,103,dwnusbaum/boyer-moore-demo,1.0,0.0,2.0,0.0,165.0,0.0,1.0,1.0,2.0,0.0,2.0,0.0,7.0,53.0,7.0,3.0,19.0,3.0,28.0,0
Sensinum/angular-ts-elastic-crud,1,1,0,1,0,0,0,0,0,3,3,1,102,Sensinum/angular-ts-elastic-crud,2.0,0.0,2.0,0.0,3.0,0.0,0.0,0.0,0.0,0.0,0.0,0.0,2.0,12.0,1.0,2.0,7.0,2.0,1.0,0
japf/deezer-playlist-builder,0,1,0,1,0,0,0,0,0,2,2,1,101,japf/deezer-playlist-builder,3.0,0.0,2.0,0.0,4.0,0.0,0.0,0.0,0.0,1.0,1.0,0.0,1.0,27.0,6.0,1.0,7.0,1.0,18.0,0
